Region,SatisfacFamily_2001,SatisfacFamily_2002,SatisfacFamily_2003,SatisfacFamily_2005,SatisfacFamily_2006,SatisfacFamily_2007,SatisfacFamily_2008,SatisfacFamily_2009,SatisfacFamily_2010,SatisfacFamily_2011,SatisfacFamily_2012,SatisfacFamily_2013,SatisfacFamily_2014,SatisfacFamily_2015,SatisfacFamily_2016,SatisfacFamily_2017,SatisfacFamily_2018,SatisfacFamily_2019,SatisfacFamily_2020,SatisfacFamily_2021,Friendships_2001,Friendships_2002,Friendships_2003,Friendships_2005,Friendships_2006,Friendships_2007,Friendships_2008,Friendships_2009,Friendships_2010,Friendships_2011,Friendships_2012,Friendships_2013,Friendships_2014,Friendships_2015,Friendships_2016,Friendships_2017,Friendships_2018,Friendships_2019,Friendships_2020,Friendships_2021,MeetFriend_2001,MeetFriend_2002,MeetFriend_2003,MeetFriend_2005,MeetFriend_2006,MeetFriend_2007,MeetFriend_2008,MeetFriend_2009,MeetFriend_2010,MeetFriend_2011,MeetFriend_2012,MeetFriend_2013,MeetFriend_2014,MeetFriend_2015,MeetFriend_2016,MeetFriend_2017,MeetFriend_2018,MeetFriend_2019,MeetFriend_2020,MeetFriend_2021,TrustGeneral_2010,TrustGeneral_2011,TrustGeneral_2012,TrustGeneral_2013,TrustGeneral_2014,TrustGeneral_2015,TrustGeneral_2016,TrustGeneral_2017,TrustGeneral_2018,TrustGeneral_2019,TrustGeneral_2020,TrustGeneral_2021,TrustNeighb_2010,TrustNeighb_2011,TrustNeighb_2012,TrustNeighb_2013,TrustNeighb_2014,TrustNeighb_2015,TrustNeighb_2016,TrustNeighb_2017,TrustNeighb_2018,TrustNeighb_2019,TrustNeighb_2020,TrustNeighb_2021,TrustPolice_2010,TrustPolice_2011,TrustPolice_2012,TrustPolice_2013,TrustPolice_2014,TrustPolice_2015,TrustPolice_2016,TrustPolice_2017,TrustPolice_2018,TrustPolice_2019,TrustPolice_2020,TrustPolice_2021,TrustStranger_2010,TrustStranger_2011,TrustStranger_2012,TrustStranger_2013,TrustStranger_2014,TrustStranger_2015,TrustStranger_2016,TrustStranger_2017,TrustStranger_2018,TrustStranger_2019,TrustStranger_2020,TrustStranger_2021,EcolMeet_2001,EcolMeet_2002,EcolMeet_2003,EcolMeet_2005,EcolMeet_2006,EcolMeet_2007,EcolMeet_2008,EcolMeet_2009,EcolMeet_2010,EcolMeet_2011,EcolMeet_2012,EcolMeet_2013,EcolMeet_2014,EcolMeet_2015,EcolMeet_2016,EcolMeet_2017,EcolMeet_2018,EcolMeet_2019,EcolMeet_2020,EcolMeet_2021,CulturalMeeting_2001,CulturalMeeting_2002,CulturalMeeting_2003,CulturalMeeting_2005,CulturalMeeting_2006,CulturalMeeting_2007,CulturalMeeting_2008,CulturalMeeting_2009,CulturalMeeting_2010,CulturalMeeting_2011,CulturalMeeting_2012,CulturalMeeting_2013,CulturalMeeting_2014,CulturalMeeting_2015,CulturalMeeting_2016,CulturalMeeting_2017,CulturalMeeting_2018,CulturalMeeting_2019,CulturalMeeting_2020,CulturalMeeting_2021,FreeActVol_2001,FreeActVol_2002,FreeActVol_2003,FreeActVol_2005,FreeActVol_2006,FreeActVol_2007,FreeActVol_2008,FreeActVol_2009,FreeActVol_2010,FreeActVol_2011,FreeActVol_2012,FreeActVol_2013,FreeActVol_2014,FreeActVol_2015,FreeActVol_2016,FreeActVol_2017,FreeActVol_2018,FreeActVol_2019,FreeActVol_2020,FreeActVol_2021,MoneyAss_2001,MoneyAss_2002,MoneyAss_2003,MoneyAss_2005,MoneyAss_2006,MoneyAss_2007,MoneyAss_2008,MoneyAss_2009,MoneyAss_2010,MoneyAss_2011,MoneyAss_2012,MoneyAss_2013,MoneyAss_2014,MoneyAss_2015,MoneyAss_2016,MoneyAss_2017,MoneyAss_2018,MoneyAss_2019,MoneyAss_2020,MoneyAss_2021,FreActNONVolAss_2001,FreActNONVolAss_2002,FreActNONVolAss_2003,FreActNONVolAss_2005,FreActNONVolAss_2006,FreActNONVolAss_2007,FreActNONVolAss_2008,FreActNONVolAss_2009,FreActNONVolAss_2010,FreActNONVolAss_2011,FreActNONVolAss_2012,FreActNONVolAss_2013,FreActNONVolAss_2014,FreActNONVolAss_2015,FreActNONVolAss_2016,FreActNONVolAss_2017,FreActNONVolAss_2018,FreActNONVolAss_2019,FreActNONVolAss_2020,FreActNONVolAss_2021,FreActTradUn_2001,FreActTradUn_2002,FreActTradUn_2003,FreActTradUn_2005,FreActTradUn_2006,FreActTradUn_2007,FreActTradUn_2008,FreActTradUn_2009,FreActTradUn_2010,FreActTradUn_2011,FreActTradUn_2012,FreActTradUn_2013,FreActTradUn_2014,FreActTradUn_2015,FreActTradUn_2016,FreActTradUn_2017,FreActTradUn_2018,FreActTradUn_2019,FreActTradUn_2020,FreActTradUn_2021,FInanciallyParty_2001,FInanciallyParty_2002,FInanciallyParty_2003,FInanciallyParty_2005,FInanciallyParty_2006,FInanciallyParty_2007,FInanciallyParty_2008,FInanciallyParty_2009,FInanciallyParty_2010,FInanciallyParty_2011,FInanciallyParty_2012,FInanciallyParty_2013,FInanciallyParty_2014,FInanciallyParty_2015,FInanciallyParty_2016,FInanciallyParty_2017,FInanciallyParty_2018,FInanciallyParty_2019,FInanciallyParty_2020,FInanciallyParty_2021,MarchPart_2001,MarchPart_2002,MarchPart_2003,MarchPart_2005,MarchPart_2006,MarchPart_2007,MarchPart_2008,MarchPart_2009,MarchPart_2010,MarchPart_2011,MarchPart_2012,MarchPart_2013,MarchPart_2014,MarchPart_2015,MarchPart_2016,MarchPart_2017,MarchPart_2018,MarchPart_2019,MarchPart_2020,MarchPart_2021,MassMeetPart_2001,MassMeetPart_2002,MassMeetPart_2003,MassMeetPart_2005,MassMeetPart_2006,MassMeetPart_2007,MassMeetPart_2008,MassMeetPart_2009,MassMeetPart_2010,MassMeetPart_2011,MassMeetPart_2012,MassMeetPart_2013,MassMeetPart_2014,MassMeetPart_2015,MassMeetPart_2016,MassMeetPart_2017,MassMeetPart_2018,MassMeetPart_2019,MassMeetPart_2020,MassMeetPart_2021,FreeActParPol_2001,FreeActParPol_2002,FreeActParPol_2003,FreeActParPol_2005,FreeActParPol_2006,FreeActParPol_2007,FreeActParPol_2008,FreeActParPol_2009,FreeActParPol_2010,FreeActParPol_2011,FreeActParPol_2012,FreeActParPol_2013,FreeActParPol_2014,FreeActParPol_2015,FreeActParPol_2016,FreeActParPol_2017,FreeActParPol_2018,FreeActParPol_2019,FreeActParPol_2020,FreeActParPol_2021,ListePolDeb_2001,ListePolDeb_2002,ListePolDeb_2003,ListePolDeb_2005,ListePolDeb_2006,ListePolDeb_2007,ListePolDeb_2008,ListePolDeb_2009,ListePolDeb_2010,ListePolDeb_2011,ListePolDeb_2012,ListePolDeb_2013,ListePolDeb_2014,ListePolDeb_2015,ListePolDeb_2016,ListePolDeb_2017,ListePolDeb_2018,ListePolDeb_2019,ListePolDeb_2020,ListePolDeb_2021,TalkPolit_2001,TalkPolit_2002,TalkPolit_2003,TalkPolit_2005,TalkPolit_2006,TalkPolit_2007,TalkPolit_2008,TalkPolit_2009,TalkPolit_2010,TalkPolit_2011,TalkPolit_2012,TalkPolit_2013,TalkPolit_2014,TalkPolit_2015,TalkPolit_2016,TalkPolit_2017,TalkPolit_2018,TalkPolit_2019,TalkPolit_2020,TalkPolit_2021,InformPolitc_2001,InformPolitc_2002,InformPolitc_2003,InformPolitc_2005,InformPolitc_2006,InformPolitc_2007,InformPolitc_2008,InformPolitc_2009,InformPolitc_2010,InformPolitc_2011,InformPolitc_2012,InformPolitc_2013,InformPolitc_2014,InformPolitc_2015,InformPolitc_2016,InformPolitc_2017,InformPolitc_2018,InformPolitc_2019,InformPolitc_2020,InformPolitc_2021
Italia,91.1,91.7,90.6,90.6,89.8,90.1,90.1,90.1,90.4,91,91,90.2,90.2,90.9,90.1,90.1,90.1,89.7,89.7,87.1,83.8,84.2,81.8,82.9,81.9,81.8,82.5,82.4,82.7,83.4,84.1,81.8,82.2,83.4,82.8,81.7,82.5,82.3,81.6,72.1,53.8,54.1,54.3,52.9,52,51.5,49.5,50,49,49.1,48.1,46.2,46.2,45.5,44.8,42.5,42.7,40.4,37.7,26.9,21.7,21,19.9,20.9,23.2,19.9,19.7,19.8,21,23.9,23.2,25.5,68.7,67.7,69.2,67.9,71,69.4,69.8,70.1,72.1,73.3,75.1,75.8,79.9,81.1,81.2,80.9,81.1,81.1,82.4,82.1,82.9,84.1,86.2,86,10.5,10.3,11.8,10.5,12.4,11.1,12.1,11.5,13.1,15,15.7,17.2,1.8,1.7,2.3,2,2,1.9,1.6,1.8,1.8,1.9,1.6,1.5,1.6,1.8,1.7,1.7,1.5,1.6,1.7,1.2,8.4,7.6,8.9,8.8,9,9.1,8.8,9.3,9.6,9.7,9,8.2,8.8,9.4,8.9,8.8,9.1,8.6,7.9,5,8.4,8,8.5,8.9,8.8,9.2,9,9.2,10,10,9.7,9.5,10.1,10.6,10.7,10.4,10.5,9.8,9.2,7.3,17.3,15.2,16.5,18.1,17.1,16.7,15.8,16.7,17.6,16.8,14.8,12.9,14.5,14.9,14.8,14.3,14.5,13.4,14.3,12,3.2,2.9,3.3,3.4,3.2,3.4,3.3,3.1,3.4,3.7,3.5,3,3.6,3.5,3.5,3.6,3.5,3.2,3,2.1,1.5,1.4,1.3,1.3,1.4,1.3,1.4,1.2,1.3,1.2,1.2,1.1,1.1,1.2,1.1,1,1,1,0.8,0.8,2.7,2.3,2.6,2.7,3,2.6,3.1,2.4,2.7,2.2,1.8,2.6,2.3,1.8,1.5,1.2,1.5,1.7,1.3,1.1,4.9,5.7,6.8,5.5,4.9,4.3,4.4,5.2,4.6,6.1,4.9,4.6,4.3,4.2,4.3,3.5,3.2,3.9,3.8,1.3,6.2,5.4,5.7,6.9,5.2,5.9,5,5.8,6.3,5.3,4.4,6.7,5,4.5,3.6,3.8,4.6,4.1,3.3,1.9,1.5,1.3,1.3,1.7,1.4,1.4,1.5,1.3,1.4,1.2,1.1,1.1,1.1,1,0.8,0.7,0.9,0.8,0.7,0.6,23.1,20.4,21.1,22.3,24.1,24.6,24.1,23.6,22.9,22,19.5,27,21.7,19.6,17.7,16.3,18.7,15,15,11.7,29.1,30.5,29.1,27.7,31.6,35.8,37.6,34.1,32.2,37.2,34.3,43.6,37.3,35.5,31.3,28.3,30.3,28,29.8,29.6,54.7,55.2,53.6,52.3,53.7,58.7,58.2,57,55.5,59.8,57.4,60.6,58,58.1,53.4,49.6,49.2,48.4,51.1,51.2
Piemonte,92.4,91.8,91.6,90.6,89.6,90.2,91,89.3,90.6,90.2,92.3,91.1,90.4,91.4,91.2,90.5,90.7,89.8,89.5,86.7,87.1,87.4,85.6,83.7,84,82.8,84.6,82.5,84.1,82.6,86.6,84.2,82.3,84.7,83.7,82,82.3,83.8,79.7,70.9,45.4,46.3,48.7,47.6,44.1,46.3,43.2,44.2,40.1,42.7,41.3,36.8,40.9,39.9,39.2,36.6,36.1,34.2,31.6,22,23.7,21,21.3,22.3,26.3,20.8,20.2,22,21.3,26.9,23.7,27.5,74,75.2,75.4,71.4,75.8,72.6,74.8,77.2,77.9,78.2,77,78.6,83.4,84.4,84.7,81.7,83.2,85.7,86.1,87.4,86.3,86.7,88.9,88.1,13.2,10.5,12.7,12.8,16.9,14.4,13.9,13.4,13.6,16.9,17.3,18.6,2.4,1.5,2.7,1.7,1.8,2.8,1.8,1.8,2.2,1.8,1.2,1.5,1.6,2.1,1.4,1.3,1.6,1.8,1.8,1.2,9.2,7.1,9,9.9,8.8,11.4,11.5,11.1,11.1,10.8,9.5,8.2,11.8,11.7,8.8,9.9,10.6,9.5,8.9,5.5,9.4,7.8,9.3,9.5,9.4,10.9,10.8,10.1,10.9,12.3,11.7,9.8,12.6,11.7,12.1,11.9,11.6,11.3,10.9,7.7,18.4,15.9,17.1,17.8,16.8,18.9,19.5,17.7,18.4,19.6,17.2,12.9,17.9,19.1,15.8,17,15.9,14.8,16.1,13,3.3,2.5,3.4,4.2,3.5,4.5,4.3,3.6,3.8,4.2,3.4,2.8,4.7,4.3,4.3,4.8,3.9,3.6,3.4,2.6,1.6,1,1.2,1,1.1,1.2,1.5,1.5,1.1,1.5,0.9,1.4,1,1.3,0.7,0.9,0.8,0.8,0.8,0.5,2.4,1.6,2.3,2.2,1.6,2,2.5,2.1,2.2,2.3,1.6,1.8,1.6,1.5,1.2,0.9,1.1,1.4,0.8,0.9,5.1,5.4,6.9,4.2,4.2,4.9,4.1,5.6,5,8.1,4.7,4.9,6.2,5.1,3.9,3.4,3,4.9,3.9,1.4,3.7,3.4,3.8,3.4,2.9,4.1,3.2,3.3,4.1,5.2,2.5,4.1,3.2,3.1,1.7,2.5,1.7,2.7,1.9,0.7,0.9,0.5,1.1,1.2,0.8,1,1.1,0.7,1,1.3,0.8,0.6,0.8,1,0.5,0.8,0.5,0.6,0.5,0.4,21.5,17.3,20.7,20.2,22.6,23.2,23.9,23.2,22.5,24.1,19.1,29.6,22.3,20.5,15.9,16.4,17.5,13.9,14,11.3,31.5,30.8,31.5,26.2,30.4,38.9,38.3,37.5,34.5,39.7,36.9,48.7,39.7,35.5,30.7,27.7,30,29,33.8,30,62,60,58.6,52.6,54.7,63.9,60.8,62.6,60.1,64.3,63.1,68.3,62.9,63.8,56.1,51.2,52.7,51.8,56.5,53.1
Valle d'Aosta / Vallée d'Aoste,89.8,91.1,90.9,92.9,91.7,91.1,92.5,89.4,93.2,88.1,91.6,90.2,91.4,89.1,89.5,89.4,89.1,88.3,91.6,88.7,87.2,86.5,85.5,85.6,87.4,83.2,84.1,84.2,87.6,82.9,85.5,86.5,85.5,85,83,84.3,81.9,84.7,84,76.8,49.1,52.1,53.2,51.8,57.5,46.8,50.1,52.5,51.6,48,45,45,45.8,43.8,43.4,45.8,38.5,36.8,36.7,29.2,25.8,32.6,28.2,33,28.2,26.1,27.5,26,31.1,30.2,29.4,33.3,77.1,80.4,80.3,83.2,79.5,83.7,78.4,81.7,78,83.4,83.6,84.5,84.9,85.2,82.3,87.4,86.8,86.2,84.6,87.8,83.9,86.3,89.5,89.4,11.2,16,14.1,21.9,14.6,18.6,18.6,20,21.4,23.1,22.9,24.1,1.6,2,2.2,2.1,1.6,2,2.5,2.1,1.7,2.2,2,1.7,2.3,2.3,1.5,1,2.2,2.2,1.8,1.2,9.8,10.1,12.1,8.5,11.5,10.6,13.2,12.6,12.4,10.7,11.3,8.1,9.5,10.7,13.3,8.8,10.9,9.9,7.5,4.6,11,10.2,12.2,11.6,12.4,10,12.7,9.4,12.4,14.4,11.8,9.9,11.9,16.8,15.2,9.7,13.1,17.2,10.9,8.9,18.3,16.8,19.9,22.9,19,17.6,22.7,18.9,22.2,22.9,21.1,16.1,16.7,22.9,19.7,16.6,18.6,20.3,17,12.5,4.3,4.4,5,4,5,3.5,5.5,4,5.2,5.4,4.4,3.2,4.2,4.7,5,3.5,5.2,6.2,2.6,2.6,1.6,0.9,1.4,1.5,1.8,1.4,0.7,1.4,1.5,1.3,0.8,0.7,1.3,2.6,1,1.5,1.2,2.4,0.9,0.8,4.2,3.4,1.6,3.5,1.8,3.3,4.1,3.7,3.4,4.4,1.7,2.7,3.2,2.2,3,2.8,1.3,2.3,1.8,2.2,2.5,3,4.3,3.4,3.2,1.5,2,4.3,1.7,4,1.8,1.3,2.3,3.2,3.5,1.5,0.7,2.8,4.3,2.1,5.1,4.6,7.1,4.2,4.6,5.8,5.6,8.5,6.7,10,2.7,8.9,8.9,4.7,7.3,4,6,6.6,3.9,5.5,1.7,1.6,1,1.6,1.1,2.2,1.4,1.9,0.9,2.3,0.6,1.2,1.2,1.2,1.4,0.6,1,1.1,0.9,1.4,18.9,15,14.8,16.9,18.5,20.7,23.6,20.5,18.8,23.6,18.7,24,25.9,20.8,20.5,17.2,17.2,12.4,13.4,12.2,26.9,27.5,24.1,22.3,30.8,33.9,36.2,29,30,35.4,37.6,42.7,40.8,35.8,31.1,32.7,27.7,31.5,28.4,30.8,54.4,55,48.2,43.9,50,60.6,59.2,52,57,58.2,58.9,60.2,60.9,62.8,58.1,52.2,49.4,51.7,53.2,56.4
Liguria,93.3,93.5,92.1,91.3,91.9,89,90.7,91.3,92.7,92,92.4,91.6,92,92.4,91.5,90.3,92.1,90.2,91.9,89.8,88,87.7,85.3,84,85.9,83.1,84.7,83.8,84.5,87.2,86.6,84.6,82.7,84.3,84.8,82.3,84.8,82.8,85.3,73.2,52.1,51.6,48,43.3,47.5,49.6,44.1,46.9,44,51.9,47.3,43.5,41.6,46.5,44.4,41,42.2,36.7,34.2,27.4,26.3,28.3,27.7,25.4,25.3,22.5,25.7,23.1,21.5,28.4,24.8,25.2,75.9,73.3,79,74.8,77.8,77.5,80.2,78.1,78.9,79.1,81.2,81.6,85,89,88.9,87.3,85.8,86.8,87.7,87.5,87.5,87.5,88.2,87.6,17.1,13.9,13.4,15.2,14.2,12.1,13.3,12.7,12.4,17.5,16.6,17.2,1.6,1.8,2.1,1.1,1.4,0.5,0.8,1.9,1.4,1.5,1.8,0.7,1.6,1.4,1.1,2,1.5,2,1.5,0.9,7.2,7.7,7.4,6.6,7,8.9,8.1,8.5,9.6,7,9.8,7.2,7,8.8,9,9,10.3,9.9,8.5,4.5,7.1,7.5,8,6.3,7.4,8.5,8,7.6,8.8,8.9,10.7,7.4,9.4,10.5,10.7,12,11.3,9.3,10.5,7.8,17.5,18.2,18.2,16.3,16.7,17.2,17.2,17.5,18.2,16.8,17.1,13.1,15.1,16.6,16.9,18.4,15,16.4,15.3,14.2,2.4,2.9,2.7,1.6,1.8,2.6,2.3,3.1,2.7,2.6,3.4,2.7,3.5,2.8,3,3.5,4.2,2.5,3.3,2.3,1.7,1.7,1.6,0.8,1,0.7,1.4,1.3,1.1,1.7,1.2,1.3,0.5,1.9,1.4,0.9,0.5,0.6,0.4,0.8,2.7,2.4,2.3,2.9,3,2.3,4.1,2.9,2.4,2.2,1.9,2.2,2.1,2,1.7,1.3,1,1.5,2.3,1.2,4.3,6.6,6.9,4.1,3.9,3.5,3.6,5.7,3.9,5.3,6.5,5.8,4.2,4.5,4,3.8,3.5,4.5,4.3,1.6,2.3,3.5,4.2,3.3,3,3.7,3.1,3.9,3.5,3.8,3.4,3.1,3.2,4,2.3,2.9,2.8,2.6,2.4,1.3,1.5,1.5,0.8,1.5,0.8,0.7,1.4,1.1,0.9,0.9,0.9,0.7,1,0.9,0.8,0.7,0.7,0.7,0.9,0.2,20.5,22.5,21.2,19.6,23.9,24.1,25.2,24.2,21.2,19.4,20.6,25,22.1,19.2,15.4,18.3,17,15.8,16.7,12.4,32,36.2,31.3,28.3,35.9,36.9,42.5,40.8,39.3,43.9,39,46.7,38.8,38.4,29.7,32.8,32,33.6,31.6,32,60,63.6,63.1,59.2,61.4,63.2,66,67.3,65.8,69.2,64.6,64.6,63.8,62.9,55.7,55.1,59.5,57.1,59.8,56.1
Lombardia,92.8,93.1,90.5,91.3,91.3,91.2,90,90.7,90.6,91.4,91.9,89.4,90.9,91.5,89.9,90.3,92,90.5,90.9,87.9,86.3,85.7,81.6,83.8,84.4,83.1,81.8,83.8,83.6,84.6,85.7,80.9,83.4,84.6,83.3,82.7,84.7,83.7,83.3,71.1,50.7,49.6,48.5,48.5,47.2,46.5,45.6,45.9,44.1,45.7,43.3,41.1,42.6,40,41.4,40.2,38.7,36,35.2,23.4,24.7,22.8,22.6,22.1,24,21.9,21.2,22.3,23.8,27.2,25.2,28,75.2,73.5,75.2,70.7,76.3,72.4,73.6,73.6,78.5,78.1,78.7,78.6,83.6,82.5,84.2,79.8,83.1,82.5,82.8,83.9,84.7,85.1,87.3,85,13.5,12.6,13.2,11.4,14.1,13,14.2,13.6,16.1,16.6,17,18.2,2.2,1.7,2.6,2.5,2.5,1.6,1.6,1.6,2,2.4,1.7,1.7,1.6,2.1,1.8,1.7,1.8,1.6,1.6,1.3,9,8,10.4,9.5,10.4,9.5,9.1,10.1,11.3,11.6,10.6,9,9.4,10.2,10.2,9.4,10.3,8.7,8,5.7,10.8,9.9,12.1,11.5,12.9,12.6,10.6,12.1,13.8,13.5,13.5,12.6,13.7,13.2,13.8,13,13.3,12.5,11.6,9.4,23.7,18.9,22.9,25,23.7,21.4,20.1,22,23.3,23.3,20.6,17.3,19.7,19.6,20.1,17.9,18.5,16.8,19.3,15.9,4,3.2,4.4,4.3,4,3.5,3.6,3.5,4.6,4.8,4.3,3.4,4,3.4,4.3,3.6,4.1,4.1,3.2,2.1,1.3,1.2,1.3,1.2,0.9,1,1.5,1.1,1.3,0.9,1.3,1,1.2,1,1.1,0.8,1.1,0.6,0.5,0.6,2.8,2,2.4,2.3,3.3,2.5,3,2.4,3.3,2.2,1.9,2.9,2.5,1.7,1.7,1,1.6,2,1.4,1,4.4,4,6.1,4.9,4.9,3.4,3.9,4.6,5.1,6.2,5,3.4,4.3,3.5,4.1,2.7,3,4.1,3.7,1,3.7,2.9,3.4,3.8,2.5,3.1,2.3,3.6,4.3,3.6,3,3.8,3,3.1,2.4,1.6,2.6,2.2,1.9,0.8,1.4,1.3,1.2,1.6,1,1.2,1.3,1.3,1.7,1,1.3,0.7,1.1,0.7,0.7,0.6,0.9,0.6,0.7,0.4,23.1,19.7,22.3,22.1,25.2,25.6,23.6,22.9,24.8,22.7,19.5,24.9,22.1,19.7,18.9,15.4,17.7,14.3,14.4,10.6,32.1,31,30.5,27.6,32.3,39.4,40,34.9,33.7,39,36.3,44,36.9,34.8,33,27.8,31.7,29.1,31.2,31.4,62.3,60.8,58.3,55.5,58.5,65.6,64.8,61.3,60,65.1,64.4,62.7,59.5,61.3,57,51.9,53.6,51.6,55.7,56
Trentino_Alto_Adige/Südtirol,91.2,91.6,90.8,92.1,91.9,90.3,91.1,91.6,91.9,90.6,91,91.3,91.2,92.9,93.3,93.3,93,92,91.9,88.8,87.2,87.4,85.1,86.7,87.5,85.3,85.3,85.6,86.9,86.6,87.2,85.9,87.7,89.2,86.8,88.6,87.7,86.7,85.4,76.5,53.7,55.1,50.2,53.1,52.1,52.1,50.7,50,52.6,48.6,49.6,47,49.1,47.2,49.3,50.2,44.3,41,40.1,33.5,37.8,35.3,30.7,32.8,33.8,31.3,29.5,36.8,37.1,37.8,38,38.4,83.4,80.8,83.2,82.3,84.4,83.6,85.3,87.4,86,86.4,84.6,83.9,87.1,87.8,88.3,86.6,87.2,88.1,88.2,89.8,88.5,89.8,88.6,89.1,19.8,19.2,19.9,18,19.5,19.3,19.1,23.1,22.9,27.5,25.2,26.7,2.9,3,3.8,4.1,3.7,2.8,2.6,3.2,3,3.4,2.8,2.8,2.9,2.5,2.4,2.4,2.5,2.6,2.9,2,23.3,22.7,22.4,25.3,24.3,21.9,23.7,22.4,24.1,23.2,22.8,20.5,23.2,24,22.2,19.5,20,21.2,17,10.3,20.2,20.9,20.9,22.2,21.7,19.1,21.9,20.1,22.4,22.5,21.8,20.4,21.9,22.6,24,21.9,22,21.4,18.4,15.1,33.3,32.4,28.8,38.3,32.9,32.2,33.8,31.9,33.3,34.5,31.3,27.6,29,32.5,30.2,29.6,29.2,26.8,28.3,21.9,12.6,12.2,12.6,13.3,13.3,12.1,14.1,10.6,11.7,12.1,12.2,10.6,12.1,12.6,12.6,10.4,10.3,11.5,9.3,6.7,0.8,1.5,0.9,1.3,1.3,1.1,1.2,0.8,1.2,1.4,1.4,0.7,1.1,1.1,1.1,0.6,0.6,1.1,0.9,0.4,6.7,6.3,6.3,7.7,7.5,6.7,6,5.9,5,5.8,4.6,5.2,4.5,4.9,4.4,2.7,3.8,4,3.4,2.1,3,4.9,3.9,3.4,4.7,2.5,2.9,3.8,3.5,4.7,2.9,2.6,2.5,2.5,3.1,2,1.8,4.3,3.6,1.9,8.3,5.9,12.8,8.1,12.7,7.1,4.8,10.7,11,11,7.3,12.4,11.7,9.1,8.1,8.9,9.1,8.8,7.1,5.4,1.2,1.1,1.4,1.5,1.5,1.4,1.3,1.8,1.3,1.6,1.2,1.2,1.7,1.2,1.3,0.4,1.5,1.3,1,0.9,23.5,24,25.8,23.9,26.2,27.3,25.1,28.4,23.8,26.7,21.8,29.2,28,20.2,19.8,19.6,18.2,17.7,18.5,14.9,32.1,32.5,29.3,30.5,35.7,36.8,40.8,38.2,33.9,40.8,35.3,45,42.4,39.1,36.6,26.9,31.1,32.6,36.1,34.7,58.4,58,53.9,56.3,55.9,59.2,60.3,59.3,55.3,60.6,59.7,59.9,61.3,58.5,52.3,48.2,45.7,50,54.6,54.5
Provincia_Autonoma_Bolzano/Bozen,94.6,93.4,91.8,93.9,93.7,93.1,92.1,89.7,92.6,91.1,92.3,91.7,92.1,92.7,92.7,93.9,92.9,91.5,90.4,87.9,90.9,90,87.6,89.4,90.9,89.4,87.5,85.6,88,88.2,90.9,87.8,89.5,90.3,87.2,90.8,88.3,87.2,85.4,75.7,53.6,56.9,52.7,53.2,50.6,51.7,51,52.8,54.8,49.1,49.1,50.1,51.4,48.6,50.6,54.8,44.5,45.7,40.2,35.5,37.2,35.3,30.9,34.3,34.6,32.2,29.9,41.6,39.7,41.7,40,39.6,84.9,81.5,84.4,83.3,83.9,84,84.1,88.5,86.4,88.1,85.2,84.4,86.9,87.1,88.4,87.4,85.1,86.9,85.3,91.3,88.5,90.5,86.7,88.1,20,17.6,17.2,15.5,16.4,17.3,17,22.4,20.9,25.6,21.1,24.9,2.3,2.3,3.1,3.4,3.2,2.5,1.7,2.2,2.4,3.3,2,3.2,2.2,2.4,2.3,1.1,2.2,2.2,1.9,2.1,27.4,24.5,27.4,31.4,27.9,24.5,27.5,24.2,25.2,26,27.8,23.5,25.6,28,23.9,18.9,20.3,23.6,16.8,10.5,20.2,22.7,22.6,21.2,20.8,17.3,19.1,17.7,20.7,22.4,20.7,18.6,22.8,21.5,20.5,18,18.9,16.4,14.6,13,36.1,33.6,30.4,41,32.7,33.8,32.9,31.6,32.5,34,33.2,27.3,33.1,36.4,31.3,26.2,30.4,25.4,27.8,21.6,17.6,16.7,18.6,20.2,18.6,17.5,19.8,14.6,16.1,17.6,18,15.4,18.3,18.4,18.2,14,13.8,16.8,13.1,8.1,0.7,1,0.7,1.1,1.6,0.8,1.3,0.8,0.8,1.1,1.1,0.7,1,0.9,1.3,0.5,0.6,0.9,0.4,0.2,12.3,11.4,11,14,12.9,11.6,9.7,9.7,7.6,9.4,7.7,8.4,6.3,8,7.1,4.1,5.5,5.8,4.8,3.1,2.6,4.6,3.7,2,4.2,1.6,3.1,3.6,2.3,3.9,2.5,2,2.4,1.9,3.3,1.3,1.5,3.6,3,2,13.4,8,21.7,12.7,21.6,11.2,6.6,16.3,17.3,17.1,12.8,20.9,18.7,14.5,11.6,14.8,15.1,14.4,11.3,8.4,1.5,1.6,2,1.8,2.2,1.6,1.7,2,1.5,2,1.6,1.7,1.6,1.9,1.8,0.4,1.5,1.6,1.3,1.1,21.8,23.6,28.3,24.8,26.8,23.5,22.6,28.9,21.5,24.1,21.6,32.8,32.1,21.2,21.4,18.1,18.6,17.7,17.8,14.4,34.7,34.8,29.3,30.5,35.5,34,37.5,36.9,30.8,38.5,36.5,45.6,44.9,39.5,37.9,23.3,29.6,29.5,35.7,33.9,59.8,55.3,54.5,56.7,56.5,54.8,56.5,56,50.5,55.9,58.1,60.1,59.5,57.6,49.6,41.3,41.4,44.7,52.2,51.4
Provincia_Autonoma_Trento,88.1,90,89.9,90.4,90.1,87.5,90.2,93.4,91.1,90.2,89.8,91.1,90.2,93.3,93.9,92.7,93,92.5,93.4,89.5,83.6,85,82.8,84.2,84.3,81.6,83.3,85.6,85.8,85,83.7,84.1,86,88.2,86.4,86.4,87.1,86.2,85.4,77.3,53.6,53.4,47.9,52.9,53.4,52.5,50.4,47.3,50.3,48.2,50.1,44,46.9,45.8,48.1,45.7,44.1,36.4,40,31.5,38.3,35.3,30.5,31.4,33,30.5,29.1,32.1,34.6,34.1,36.1,37.3,82,80.2,82.1,81.4,84.8,83.3,86.5,86.4,85.6,84.7,84.1,83.2,87.3,88.6,88.4,85.8,89.3,89.2,91,88.4,88.6,89,90.5,90,19.7,20.7,22.7,20.3,22.6,21.2,21.1,23.8,24.7,29.4,29,28.5,3.4,3.6,4.4,4.7,4.2,3,3.4,4.3,3.6,3.5,3.6,2.5,3.4,2.6,2.4,3.6,2.9,3,3.8,1.9,19.5,20.9,17.6,19.4,20.9,19.4,20.1,20.6,23,20.5,18.1,17.7,20.9,20.2,20.6,20,19.7,18.8,17.1,10.1,20.1,19.2,19.4,23.1,22.6,20.8,24.5,22.5,24,22.7,22.8,22.1,21.1,23.7,27.3,25.6,25.1,26.4,22.1,17.2,30.7,31.4,27.4,35.7,33.1,30.7,34.6,32.1,34.1,35.1,29.5,27.9,25,28.7,29.1,32.9,28.1,28.1,28.7,22.2,7.9,8,6.9,6.8,8.2,7,8.8,6.7,7.6,7,6.7,6.1,6.1,7.1,7.2,7,6.9,6.4,5.6,5.4,0.9,2.1,1.1,1.6,0.9,1.4,1,0.9,1.6,1.6,1.7,0.7,1.1,1.3,0.9,0.8,0.6,1.4,1.5,0.7,1.4,1.5,1.8,1.7,2.3,2,2.5,2.2,2.5,2.5,1.7,2.2,2.7,1.9,1.8,1.2,2.1,2.3,2.1,1.1,3.4,5.2,4.1,4.7,5.2,3.4,2.8,3.9,4.6,5.4,3.2,3.2,2.7,3,2.9,2.7,2.1,5,4.2,1.9,3.5,3.9,4.4,3.7,4.4,3.3,3.1,5.4,4.9,5.3,2,4.3,5,4,4.8,3.3,3.3,3.3,3,2.5,0.8,0.7,0.9,1.2,0.8,1.2,0.9,1.6,1.1,1.3,0.8,0.7,1.9,0.4,0.8,0.5,1.5,0.9,0.6,0.7,25.1,24.5,23.5,23.1,25.7,30.9,27.4,27.9,25.9,29.2,21.9,25.8,24.1,19.3,18.3,21.1,17.8,17.7,19.1,15.4,29.4,30.2,29.4,30.6,35.9,39.5,43.8,39.3,36.9,43,34.3,44.4,40,38.7,35.3,30.4,32.5,35.7,36.5,35.6,57,60.6,53.5,56,55.4,63.5,63.9,62.3,59.7,65.1,61.2,59.6,63.1,59.5,55,54.8,49.9,55.3,56.8,57.4
Veneto,91.8,92.7,91.3,90.4,89.4,89.2,90.9,89.4,89.9,91.4,92.2,91.1,90.3,91.2,90.7,89.3,88.6,88.4,91.6,88.3,85.3,84.8,83,83.8,82,82.2,84.6,82.6,82.7,85.4,86.7,83,85.2,84.3,83.7,81.4,81.4,80.5,83.2,73.6,48,46,49.2,45.1,45.8,46.9,44,44.9,44.8,43.4,44.6,41.7,43.1,41.7,40.2,38.2,37.2,36.9,32.6,23.8,22.6,23.6,20.3,22.2,22,19.5,21.6,18.6,24.2,25.8,25.4,26.4,75.5,70.3,75.1,76.8,71.5,73.6,74,73.5,78.5,78.5,79.8,79.9,83.1,82.2,86,85.5,81.5,82.1,84.3,83.6,85.9,85.8,88.7,88.5,13.6,13.1,16.6,15.8,15.3,12.1,17.7,13.7,20.1,18,19.8,20.4,2.2,2.3,2.3,2.7,2.4,2.8,2.2,2.2,2.2,3.3,1.9,1.8,1.8,2.2,1.9,2.3,1.5,2,2,0.7,12.6,11.5,13,13.7,13.9,12.5,12,12.8,12.6,14.4,13.5,11.2,11,12.2,12.1,11.4,10.4,10.4,9.9,6.3,13.6,14.3,13,13.7,13.1,13.8,13.7,12.8,13.7,16.2,15,15.2,13.8,14.2,17,14.8,14.1,13.9,13,10.7,21.7,20.4,21.8,24.6,21.2,21.6,20.3,20.6,22.1,22.1,20.4,17.8,17.7,17.1,19.3,17.2,18.5,15.4,17.8,15,5.4,4.3,4.8,6,5.2,5.2,4.9,3.9,4.8,5.9,5.1,4.8,4.2,4.3,4.6,4.6,4.6,3.5,3.5,2.2,1.4,1.2,1.3,1.3,1.4,1.7,1.6,1.2,1.3,1.3,1,0.7,1.4,1.1,1.2,1.3,1.3,0.8,0.8,0.7,2,2.6,1.9,2.4,2.8,2.4,2.7,2.1,3.2,1.8,1.6,2.1,1.9,1.6,1.1,1.2,1.5,1.8,1.2,1.3,3.5,5.5,5.1,4.4,3.8,3.1,3.3,3.3,3.1,4.3,3.4,3.5,2.5,2.7,2.7,3.3,2.2,3.4,3.6,0.9,3.7,4.7,3.2,5.6,3.9,4.3,3.7,3.6,4.7,3.7,2.5,4.8,3.7,3.3,2,2.6,2.4,2.3,2.5,1,1.1,1.5,0.9,1.3,1.7,1.2,1.4,1.3,1.4,1,0.9,0.8,0.7,1.1,0.6,0.6,0.8,0.8,0.8,0.6,22,20.1,20.3,24.5,26.7,26.9,27.9,23.4,24.4,20.5,20.7,26.8,20.2,19.2,19,16.7,16.3,12.7,15.3,9.7,30.7,34.9,31.9,31.7,37.8,43.3,44.2,36.6,35,41.6,39.3,53,42.2,40.6,36.7,33,33.4,31.9,34.1,30.3,60.9,64.1,61.7,60.7,62,67.8,68.9,64,62.9,67.3,64.3,71.9,65.5,65,61.3,56.4,53,51.8,58.8,54.9
Friuli-Venezia_Giulia,89.1,91.2,88.5,90.2,87.2,89.7,91.3,92,91.2,91.2,90.6,89.9,89.4,92.8,90.4,90.5,89.3,89.4,90.7,88.4,82.9,84.8,82.5,84.5,78.8,82.6,84,84.4,84.9,83.3,82.4,82.5,82.6,83.8,84.1,83.6,82.9,82.5,81.7,72.9,49.2,50.5,49.6,50.9,48.6,49.5,46.8,46.3,47,44.9,43.5,42.7,40.8,41.5,42.9,39.5,39.5,36.5,36.2,24.8,26.6,29.3,23.5,21.4,25.4,22.8,23.6,25.8,24.8,24.9,28,29.2,78.7,78.4,77.8,76.8,76.9,78.4,80.3,79.9,78.8,78.4,82.6,82.4,86.3,84.6,87.1,85.6,84.3,89.4,88.2,88.1,88.7,87.4,90,88.1,17.4,17.2,18,14.6,17.8,17.4,16.2,15.5,20,21.9,20.9,22.2,1.8,1.8,2,1.8,1.5,1.8,1.7,2.2,1.6,3,2.2,1.4,1.7,1.9,1.7,1.5,1.6,2.5,1.7,0.9,15.4,11.8,12.8,13.6,10.4,13.6,13.7,13.4,13.9,16.1,14.4,12.5,13.1,14.1,13.7,12.5,12.7,13,12.4,7.3,11.4,10.3,10.6,11.3,12.7,10.5,13.2,10.9,13.8,13.5,12.3,12.4,13,14.1,13.6,14.2,11.9,12.3,11,10.7,24,18.4,18.6,21.6,20.8,21.2,22.2,20.3,24.7,24.1,20.3,17,18.3,21.4,19.8,19.8,18.7,20.7,19.5,15.3,5.4,3.9,4.7,4.4,4,5.7,4.9,4.7,5.1,6,5.2,4.7,4.3,6.2,3.7,4.9,4.1,4.6,3.7,2.6,1,0.9,1.7,1.1,1.4,1.7,1.8,1.1,1,1.1,1,1,1.6,1,1.1,1.2,1.2,0.8,1.2,0.7,1.5,2,1.8,1.3,3,2,3.2,1.8,2.9,2.4,1.3,3.8,2.2,1.6,1.7,1.5,1.6,2.1,1.2,1.3,4.2,3.9,4.9,3.7,4.2,2.8,3.5,3.3,2.7,5,3.8,3.2,4.3,2.5,3.9,3,2,3.8,3,1.2,3.2,3.3,4.7,3,4.2,3,3.3,3.1,3.2,3.9,3.8,5,4,3.1,2.3,2.4,3.6,2.2,1.9,1.1,0.6,1.3,1.1,1,1.1,1.3,1.6,0.9,0.8,1.3,0.9,1.1,1.2,1,0.6,0.7,1,1,0.8,0.3,22.7,19.9,21.5,19.9,24.4,22.5,25,24,23,24.6,18.4,28,23.9,21.7,18.4,16,18.2,14.2,15.8,11.2,31.3,33.7,31.3,34.4,34.3,38.4,45.4,40.4,37.3,38.4,37.1,51.2,41.2,37.6,35.3,30.5,31.6,35.3,35.3,34.8,64.9,62.3,61.8,64.1,60.4,62.4,70.6,67.5,61.6,67.9,62.8,69.9,64.5,63.5,59.4,54,53.6,57.2,59.3,57.7
Emilia-Romagna,92.6,93.4,93.9,92.6,92.1,92.1,91.3,91.1,91.2,91.6,89.7,89.6,92.2,91.1,91.4,91.4,90.3,90.4,90.4,87.7,86.5,87.4,85.7,85.8,84.4,84.7,85.7,85.9,85.8,86,83,81.9,85.4,85.4,86.1,84.7,84,81.6,84.3,73,51.5,52,50.6,48.7,48.6,51.2,45.1,46.3,47,46.5,45.8,41.7,46.3,43.4,47.8,44.5,42.1,39.1,40.7,25.7,22.4,20.7,22.8,22.6,27.5,22,20.6,21,22.7,23.7,24.8,27.9,75.3,71.8,75.1,70,76.1,76.7,74.9,73.7,78.8,77.5,80.2,80.9,87,85.4,83.6,82.8,84.1,85.9,84.6,84.2,85.9,86.9,89.1,88.5,13,10.9,13.3,11.8,15.5,11.9,12.6,12,15.1,18.2,18,19.7,2.4,2,2.9,2.8,2,2.3,2.2,3.3,2.1,1.5,1.8,1.5,1.9,1.3,1.7,2.4,2,1.5,1.7,1.3,10.3,8.4,9.9,10,9.9,11.7,11,10.4,10.3,10.6,9.4,10,10.1,8.9,8.9,10.5,11.4,10.1,9.3,5.8,10.7,9.7,10.5,10.3,10.2,12.3,12.7,12.5,11.7,11.7,11,10.3,11.6,12,11.5,13.2,13.1,12.1,12.1,8.8,26.1,24.8,25.4,26.2,25.1,24.5,24.8,23.1,24,23.3,19.1,18.8,19.3,19.2,17.7,20.2,20.3,18.3,18.9,16.4,3.9,4.1,3.5,3.6,3.8,4.1,4.2,3.5,3.7,3.9,3.7,3.5,4.6,3.7,3.1,4.9,4.5,3.8,4.3,2.4,1.6,2.4,1.7,1.5,1.7,1.4,1.7,1.3,1.9,1,1.5,1.2,1,1.4,0.7,1.5,0.9,1.5,0.9,0.9,4.5,5,5.1,5.8,5.3,4.7,6.1,4.9,5.4,3.6,2.9,5.6,4.4,3.1,1.9,1.7,2.3,3,1.7,1.6,5.9,7,7.7,5.3,4.3,3.7,4.8,4.9,4.7,5.2,5.2,3.7,3.3,2.8,3.5,3.6,2.5,3.7,5.3,1.6,5.3,6.5,5.9,5.2,4.1,5,4.6,4.9,5.5,3.4,4.4,5.3,4.1,3.8,2.4,3.2,3.2,2.9,4.8,1,2.1,2.3,1.8,2.4,1.8,1.7,2.1,1.9,1.9,1.5,2,1.6,1.6,1.1,0.9,1,0.8,1,1.3,0.6,26.9,26.9,26.6,22.8,29,30.2,29.7,27,26.3,22.6,23.1,30,20.6,20.6,16.2,16.8,21.8,15.6,19.5,12.9,32.6,34.3,31.4,29.9,35.3,37.2,42,38.5,36.8,37.6,37.2,46.4,39.4,39.2,29.9,28,33.4,29.8,31.6,33.2,65.9,66.8,66.4,62.3,63.1,68.7,69.3,65.5,67.2,67.2,63.4,66.7,67.5,65.3,56.6,57.5,57.5,55.5,59.2,57.9
Toscana,91.4,92.7,90.3,90.8,88.6,91.2,90.7,91.3,92,91.7,90.9,91,89.8,90.9,90.6,91.5,91.7,90.2,90.2,88,84.4,87.3,82.6,83,82.5,82.8,82.7,83.6,84.7,84.2,82.3,83.1,82.8,83.9,84.3,83,83.8,82.4,82.7,72.7,51.3,53.2,54.4,51.6,50.1,51.2,51.1,49.8,48.9,51.9,46.5,44.6,45.4,46.6,46.2,42.2,41.8,38.9,35.4,26.5,23.6,21.5,20.4,20.5,25.9,24.1,20.3,20.4,24.7,25.7,24.5,26.2,75.6,74.2,71.5,72.4,76.4,77.1,73.8,72.5,76.5,78.1,80.8,79.2,86.3,85.1,82.9,84.6,84.2,85.5,84,84.6,85.5,87.7,90.8,88.8,10.3,11.6,12.5,11.2,14.3,10.7,14.5,12.9,13.5,16.2,15.8,18,2.6,2.6,3.2,2.6,2.5,2.1,1.3,1.8,2.5,1.6,1.6,1.7,2.1,1.9,1.4,1.5,2.1,1.9,1.9,1.4,7.5,9.3,9.2,8.8,9.2,9.3,8.4,9.1,9.7,9.9,7,9.2,8.5,9,9.5,9.6,10.6,8.8,8.3,5.4,10,9.4,10.5,9.4,9.8,11.1,8.6,10.4,10.7,10,9.6,10.5,10.5,9.9,11,10.4,12.7,10.5,9,7.9,25.2,23.1,22.6,24.9,23,25.4,18.8,24.1,26.5,21,19,20.7,20.8,19.3,19.2,17.9,20.8,18,18.2,16,3.3,3.3,3.8,3.5,3.7,3.5,2.8,3.4,3.9,3.8,3.6,3.6,4.5,3.1,4.2,3.8,4.8,2.9,3.2,2.1,2,1.8,2.2,1.6,2,1.5,1.6,1.9,1.8,1.4,1.6,1.3,1.4,1.3,1.6,1.3,1.4,1.2,1,0.8,5.1,3.1,5.6,3.9,4.9,3.8,4.3,4.3,3.3,3,2.4,4.1,4.1,2.6,1.6,1.8,3,2.5,2.1,1.6,5.2,8.2,8.4,6.1,5.4,4,4.1,6.1,4.7,5.9,6,5.9,2.8,3.8,3.2,4,4.2,4.3,3.7,1.7,5,5.3,5.8,4.5,3.8,4.2,2.9,4.8,4.1,3.2,3.7,3.9,3.4,3.1,2.1,2.4,3.5,2.4,2.3,1.3,1.7,1.2,2.1,1.6,1.5,1.7,1.3,1.6,1.4,1.4,1.3,1.2,1.2,0.8,0.9,1.2,1.3,1,1,0.5,26.5,26.5,23,24.5,24.9,26.4,23.1,24,24.1,21.3,20.2,26.9,24.5,17.7,16.8,16.8,20.4,17.9,14.6,13.4,30.6,35.8,32.3,29.6,37.7,39.7,41.7,35.9,36,41.3,33.1,44.3,39.1,38.3,30.9,29.9,32.3,32.1,34.4,33,64.5,66.9,60.2,59.2,64.2,66,65.6,64.6,62.1,66.6,60.8,66.9,64.5,66.9,60.1,55.8,55.1,55.5,55.7,59.7
Umbria,93,90.5,89.6,91.1,90.9,91.7,91.5,90.4,89.3,92.9,92.1,93.5,90.4,92.6,88.8,89.5,90.5,89.5,91.7,87.8,87.3,86.7,82.5,85.3,83,87,85.3,83,79.8,85.8,87.4,85.3,83.1,86.4,81,82.4,82.9,85.8,84.3,73.5,58.6,58.3,57.1,53.8,56.1,56.1,48.9,52.8,48.5,51,50.7,43.7,49.9,47.8,45.9,46.9,39.9,40.3,38.7,25.5,21.8,22.8,17.6,23.4,18.6,18.7,18.2,17.8,20.5,22.6,18.9,22.6,68.2,68.7,69.3,72.1,76.1,68.3,68.4,70.5,74.5,78.5,75.9,76.2,77.6,79.1,81.3,81.5,85.4,77.6,83.8,82.8,83.2,87.3,88.3,89.1,12.3,11.4,10.5,10.3,10.8,13.4,12.7,11,12.6,14.9,18.4,16.4,1.8,1.3,2.6,1.4,2.6,1.8,1.6,1.4,1.8,1.6,1.5,1.4,1.5,1.6,1.5,1.4,0.9,2,1.1,1.1,7.7,9.5,10.4,10.8,8.8,8.9,11.1,9.7,10.8,9.5,8.4,8.1,8.8,12.5,11.2,11.2,10.1,11,8.8,6.1,8,6.8,8.8,7.2,9,7.4,10.2,9.4,7.9,8.7,7.3,10.1,10.3,12.8,10.6,10.1,11.8,10.7,9.9,7.1,16,14.4,14.2,19.2,20,16.2,19.9,17,17.9,19.1,15.1,12.9,16,17.1,17.2,18.4,16.1,14,14.5,13.8,2.8,2.6,4.1,3,4,3.1,4.8,4,3.7,4.1,2.4,2.7,4.1,3.6,3.4,4.9,2.9,3.9,2.5,2.7,1.2,1.5,1.9,1.8,1.6,1.4,1.8,1.6,1.6,1.7,0.8,0.9,1,1.8,0.5,1,0.6,1.4,0.5,1.7,2.8,3.1,2.7,2.4,4.6,3.3,5.7,3.1,4.3,2.8,2.1,2.5,3.9,2.7,2.1,1.6,2.1,1.1,2.2,1.4,4,3.9,6.9,4.4,5.5,5.6,4.2,5.3,3.1,5.1,3.2,4.7,4.1,3.9,3.6,3.5,2.3,3.3,2.8,1.7,6.1,4.4,5.2,4.6,5.7,6.4,6.1,6.2,8,5.2,2.1,5.1,5,5.6,2.8,3.2,3.7,4.1,4.9,2.7,1.8,1.4,1.6,1.1,1.7,1.1,3,1.4,2.3,2,0.7,1.2,1.6,1.6,0.6,0.7,1.3,0.6,0.8,1,24.5,20.5,22.1,22.4,28.8,29.4,27.3,30.6,22.9,24.2,16.3,27,22.4,24.1,19.5,19.3,22.8,16,15.5,13.6,27.3,29,26.4,27.2,34.5,34,36.2,33.2,30.8,39.9,33.4,46,37.8,38.5,30.8,28.3,30.6,28.1,31.2,32.1,55.5,55.9,55.9,54.7,59.6,62.7,64.1,57.9,56.5,65,59.4,66.2,60.4,64.6,59.6,57.4,53.2,53.6,58.1,58.6
Marche,90.7,91.1,89,91.3,90.8,90.1,91.4,91.2,90.3,90.9,92,92.2,89.9,90.4,89.2,89.3,88.7,88.4,90.3,88,83.9,85.9,81.4,83.1,85.5,82.6,86,84,83.4,85,84.9,82.8,82.9,83.9,83.7,81,82.6,79.7,82.6,73.4,53.4,55,52.5,52.5,53.3,49.3,50.3,49.9,49,48.7,47.5,42.7,42.2,44.3,43.7,41.2,41.3,36,35.2,29.4,22.2,20,16.6,20.3,18.4,24.1,18.5,17.8,22.2,22.2,22,24.2,68.3,70.8,71.2,72.7,70.7,73.9,74.8,72.8,77.1,75.1,76.6,78.1,82.7,81.3,80.8,84.2,80,81.5,83.4,83,86.9,85,87.6,86.6,11.1,13,9.9,10.2,11.6,12,12.2,13.9,17.3,15.7,14.9,18.9,1.3,1.2,2.3,1.7,1.6,1.8,0.9,1.9,1.5,2.4,1.2,1.9,1,2,2,1.5,1.9,1.5,2,1.1,8.4,9.3,9.1,9.3,9.1,8.2,8.6,9.2,9.7,10.4,7.6,8.8,10.1,11.6,10.4,8.8,9.1,8.4,7.7,4.3,7.6,6.7,8.1,11,7.4,7.8,7.4,10.4,9.3,10.2,9.2,9.9,10.1,12.9,11.8,10.3,9.5,8.6,9.5,5.3,16.6,16.1,18,19.6,16.1,18.5,15.8,19.2,17.8,20.5,15.4,13.6,17.1,19.8,18.4,16.8,16,15,15.2,13,2.7,3.1,4,4.7,2.9,3.3,2.9,4,4.1,5.5,2.9,3.2,4.2,4.1,4.9,3.9,2.8,3.3,3.1,2.3,1.8,1.5,1.3,1.4,1.4,1.5,1.6,1.6,1.1,1.7,0.7,0.9,1.1,1,0.5,0.6,0.8,1.2,1,0.6,2.3,2.6,2.8,2.7,2.7,2.4,2.7,2.6,2.5,3,1.2,2.3,2.7,1.8,1.9,1.1,1.8,1.5,1.8,1,2.5,4.5,6.1,4,3.9,2.7,2.4,4.1,3.8,3.9,2.2,3.1,3.3,4.1,2.9,2.2,2.5,2.4,3.6,1.3,4.8,4.2,4.4,5.9,3.6,3.9,3.1,4.1,7.8,5.5,2.4,4.8,5.1,5.2,3.3,3,2.7,2.4,3.9,1.6,1.3,1.3,1.4,2.2,1.2,1.2,1.1,0.9,1.7,1.1,0.3,0.8,1.2,0.8,1,0.4,0.7,0.7,1,0.4,21.7,20.2,22.2,25.7,25.3,22.6,22.6,25.7,21,24.9,15.2,33.9,25.6,22.2,17.3,19.3,18.7,12.7,14.8,11.8,22.9,24.5,28.3,27.3,28.7,30.6,35.7,33.4,30.8,33.3,32.6,46.3,37.1,32.7,30.5,29.1,29.2,25.9,28.1,31.8,47.8,55.2,55.4,56.2,53.8,55.8,61.5,57,57.5,61.1,60.9,67.2,60.9,60.1,57.8,54.2,51.1,48.4,50.6,54.3
Lazio,88,87.9,87.7,87.2,86.6,88.2,87,86.9,87.9,90.8,90.1,89.5,89.9,89.9,88.7,90.2,88.7,87.1,88.1,87.4,82.8,81.1,79.7,80.7,78.2,80.9,80.9,80.8,79.6,84.3,85.1,81.8,81.7,83.8,83.6,83.2,82.5,81.2,79.3,72.7,52.3,49.5,49.6,49.4,47.8,49.3,46.9,44.9,43.1,44.2,45,43.1,44.2,43.6,39.1,39.8,39.3,37.7,32.7,24.1,23.4,22.8,25,24.9,28.6,22.5,22,23.1,20.1,24.1,24.6,28.3,63.9,63.6,66.9,65,72.9,68.4,67.4,66.3,66.9,69.3,70.9,76.9,70.4,78.2,78.4,77.7,82.8,78.8,81.1,79.4,79.3,81.7,82.9,86,8.7,7.6,11.3,9.3,11.1,9.9,9.6,10,9.2,12,13.4,16.3,1.5,1.6,1.5,1.8,1.6,1.8,1.9,1.4,1.8,1.6,1.9,2,2,1.9,2.4,2.1,1.2,1.8,2.1,1.6,6.6,5.7,6.3,8.5,7.2,7.1,8.7,8.2,8.9,7.9,8.2,8.4,7.3,8.1,7.8,8.4,7.9,7.6,6,5.3,5.2,5.5,5,6.7,6.6,5.5,7,6.6,8.4,6.2,6.9,7.7,7.8,8.2,8.3,7.9,8.9,6.7,6.8,6.1,11.1,10.6,8.8,14.6,13.7,12,13.3,13.9,15.5,13.6,11.1,9.6,12,11.1,11.8,11.4,12.5,11.2,11.8,10.8,2,2.1,2,2.6,1.8,2.2,1.9,2.6,2.4,2.4,3.6,2.7,2.7,3.6,2.7,2.4,2.2,2.6,2.3,1.8,1.2,1.4,1.2,1.7,1.6,1.8,1.2,1.3,1.2,1.2,1.8,1.9,1.5,1.4,1.5,1.2,0.7,1.1,0.7,1,2.2,2,2.2,2.6,2.5,2.7,3.3,1.6,2.3,2.3,2,3.3,2.2,2.1,1.4,1.3,1.5,1.8,1.3,1.5,4.2,5.5,7,5.2,5,5.2,4.5,4.7,5.2,6.7,5.5,5.4,4,6.2,4.8,4.6,3.6,3.7,4.4,1.8,4.8,4.8,5.4,7.4,4.8,6.9,5.2,5.4,6,5.2,4.8,6.4,4.4,2.9,2.8,3.8,3.2,3.2,2.1,1.3,1.2,1,1.3,1.9,1.5,1.6,1.5,0.9,1,1.2,0.9,1.9,1.2,1.3,0.7,0.5,0.7,0.7,0.6,0.9,23.7,20.7,18.7,25.6,23.7,24.2,28.4,23.4,20.5,22.6,20.5,24.3,22.7,19.7,20.5,20.4,19.8,14.6,15.8,14.4,34,34.8,31.7,32.8,33,38.5,37.9,34.2,34.8,40.9,34.8,48.3,43.6,38.4,36.1,34,31.3,28.4,31.7,33.8,57.4,57.2,55.8,55.9,55.1,58.9,56.2,58.3,56.3,61.3,57,64.5,63.9,59.9,58.4,53.7,50.7,49.3,54.9,57.9
Abruzzo,90.1,90.6,92.2,93.1,89.7,89.7,91.1,86.8,87.8,88.9,91.4,90.6,89.3,90.5,90.8,91.8,89.8,87.3,88.2,88.5,82.1,87.7,85.1,85.7,84,80,84.8,80.9,82.5,81.6,84.1,85.3,82.6,84.7,83.7,84.4,82.8,80.9,80.8,71.7,59.6,61.3,63.5,61,64.2,52.2,55,54,55.1,56.2,53.5,54.4,48.7,50.5,51.1,46.1,48.9,41.8,38.3,29.1,20,19.3,19.5,18.1,22.2,18.8,17.1,16.8,18.1,23,24.4,25.6,67,68.8,70.7,71,71,66.9,66.5,67.9,68.6,72.4,72.3,76.2,73.4,77.7,80.5,80,78.3,78.6,79.4,80.6,78.6,82.9,85.2,83.8,7.8,9.9,10,9.8,12.9,10.9,9,8.9,9.4,14.4,13.3,15.5,1.6,1.3,1.8,1.7,1.1,1.3,1.7,2,1.1,2.3,1,1.3,1.6,1.2,1.8,1.4,1.1,1.7,1.8,1.4,6.9,5.3,8.6,7.1,8.2,8.2,8.1,7.2,7.6,10.3,7.1,8.8,9,8.9,11.1,8,7.1,7.3,7.8,5.6,5.3,4.5,5.9,7.2,5.1,6.2,6.7,6.2,6.5,9.4,5.9,7.2,8.6,8.3,7.6,7.5,6.6,8.3,7.7,5.2,13.1,10.6,13.9,15.6,11.2,12.6,10.1,10.5,14.2,13.8,9.7,9.7,12.5,12.8,12.4,10.8,10.9,11.3,10.7,11.1,2.8,2.3,2.9,3,3,2.9,2.2,2.6,3,3.7,2.4,1.9,4.5,2.9,3,2.6,2.5,3,3.6,1.8,1.8,1.3,0.8,1.6,1,1.3,0.8,1.5,1.3,0.6,1.1,0.8,1.6,1.5,1,0.9,0.8,1.5,1.2,1.3,2.9,2.9,2.8,3.8,2.9,2.9,2,1.9,2.3,2.1,1.3,1.6,1.8,1.4,1.4,0.8,1.3,1.4,0.8,0.9,4.8,4.6,5.9,6,4.3,4,5,4.7,5,4.9,3.5,5.4,4.7,3.5,5.7,3.1,3,4.5,3.9,1.5,9.3,6.3,6.7,15.2,7.2,8,6,9.6,13.3,7.1,5.7,10.3,7,7.1,5.6,6.4,9.5,8.9,3,3.3,2,1.2,1.2,2.6,1.9,1.8,1.2,1.1,1.1,1.5,0.7,0.9,0.8,1.3,1.6,1,0.9,1.5,0.3,0.6,31.8,19.5,27.4,34,26.1,28.7,23.9,25.6,28.7,22.7,19.9,32.6,24.6,22.9,24,20.3,25.3,21.2,18.8,14.9,27.9,24,30,29.1,30.3,31.9,36.3,34.7,26.8,34.2,33.9,43.1,35.2,32.9,32.5,32.2,31.5,30,32.5,30.1,48.7,45.2,50.8,47.9,49.9,50.2,54.9,55.9,46.7,56,57.2,60,54.7,56,55.1,52.6,49,47.7,52.1,53
Molise,91.7,89.5,92,92.3,90.5,90.7,92,91.9,90.7,92.9,92.7,91.5,91.7,91.2,91,91.4,88.6,88.5,90.7,87.8,87.1,85.6,83.1,84.3,82.5,84.6,86.8,82.8,82.6,85.3,86.9,81.3,83.7,86,85,86.8,82.1,83.3,84,74.4,64.4,68.5,66.2,65.5,60.6,61.4,61,61.1,56.4,58.3,59.7,50,56.1,51.9,51.9,51.5,50.3,46.7,47,36,19.9,19.4,14,17.3,18.3,15.5,15.6,16.5,15.8,17.2,19.2,20.8,65.7,65.7,57.5,63.2,64.5,66.7,70.4,74.3,67.2,69.5,79.2,71,76.9,82.4,74.6,76.4,79.2,77.5,82.6,83.5,83.6,83.3,88.8,81.4,8.2,6.7,6.9,6.7,12.7,8.2,8.4,8.3,9.4,12,13.3,11.9,1.7,2.1,2.1,2.1,1.6,2.4,1.9,0.8,1.5,1,1.8,1.4,2.6,0.6,2.4,1.1,1.5,1.7,1.7,0.4,10,8.4,7.5,6.2,7,8.7,7.7,7.3,10.8,8.6,8.1,7.8,8.8,7.2,10.1,7.1,7.9,7,9.3,3.8,6.1,6.1,6,4.9,4.5,6.8,7.3,6.4,7.7,5.4,7.1,7.3,6.9,6.2,9.1,8.8,6.5,6.5,7.9,3.9,11.6,12.2,12.6,11.9,10.5,11,8.7,9.3,13.7,9.2,10.7,8.6,11.6,7.9,10.6,11.5,8.9,9.1,12.7,7.3,2.6,2.4,2.9,2.1,2.1,3.1,2.4,2.5,2.7,2.6,2.2,2.6,2.8,2.5,3.2,2.6,3.1,2.9,2.7,1.9,1.5,2.1,2,1.6,1,1.9,0.8,1.5,1.3,1.5,0.7,0.7,1.2,1.2,1,0.8,0.9,1.6,1.1,0.6,2,1.7,2.1,1.5,2.1,1.9,1.6,1.4,1.5,1,1,1.5,1.8,0.8,1.7,0.8,0.7,1.3,1.3,1,8.5,7.3,7.9,6,6,5.8,4.8,4.9,7.1,6.3,5.6,3.5,4.1,4.2,5.5,5.3,3.4,4,4.5,1,20.7,12,6,12.1,4.8,18.8,6.9,7.6,10.1,6,11.9,11.9,9.2,6.8,4.3,7.3,10.6,8.7,6.2,3,2.4,1.9,1.3,0.7,1,1.7,1.2,1.8,1.9,1,1.4,1,1.7,1.1,1.4,0.6,0.9,1.3,0.9,0.6,32,21.6,19.4,17.3,22.4,32.3,21.6,18.8,24.6,17.7,20.6,26.2,23,14.8,15.5,15.9,22.5,18,16.6,11.2,30.1,30.1,22.9,25.6,24.8,29.9,33.4,31,28,32.6,33.2,36.4,35.4,29.9,28.2,23.2,28.8,28,29.3,27.7,49.2,48.6,44.3,45.9,45.2,47,49,50.1,47.4,51.6,51.8,53.5,53,50,46.6,43.2,43.1,41.8,50.6,43.9
Campania,89.8,90.3,90.4,90.6,90.5,90.6,90,91.1,91.2,89.7,89.3,89.7,89.9,89.9,89.8,89.5,90.2,90.6,88,85.6,77.7,78.5,78.3,80.6,78.2,79.3,77.7,78.7,79.1,77.7,78.2,78.1,77.1,78.6,79,79.4,79.1,81.7,81.3,70.5,59.7,62.9,63.9,61,61.7,57.6,55.7,58.1,58.2,53.3,53.7,56.3,51.5,51.4,50.2,47.6,49.5,49.3,43.6,32.6,15.2,17.2,14.4,17.1,20.8,17.1,20.1,19.7,19.6,23.1,20.5,24.5,54.6,58.8,57.1,57.7,62.2,64.2,60.9,67.7,63.9,65.9,70.9,71.3,74.7,74.1,74.4,75.8,75.4,77.1,77.5,78,76,78,82.4,85.6,5.4,8.1,8.5,5.7,6.4,8.3,9.9,10,10.2,11.3,13.8,16.4,1.3,1.3,2,1.8,1.6,1.4,1.6,1.6,1.4,1.5,1.5,0.9,1.2,1.5,1,1.4,1.3,1.2,1.1,1,5.3,3.8,6.1,4.8,5.2,5.1,4.3,5.3,5.7,5.6,5.6,4,5.1,5.3,4.1,5.3,5.9,5.5,6.1,3.2,5.2,3.8,4.5,5.2,4.4,5.2,4.9,5.1,5.2,5.6,5.6,5.1,5,6.5,5.7,6.5,6.5,5.7,5.8,4.8,9.4,7,9.7,9.1,8.3,8.6,6.6,8.1,7.5,6.8,6,5,5.7,6.1,7.3,7.9,7.4,7.4,7.6,5.6,1.6,1,2,1.5,1.4,2,1.8,1.8,2,2.3,2.6,1.4,1.9,2.1,2,2.5,1.9,1.9,1.5,1.1,1.3,0.7,1.1,1,1.3,1,1.2,0.9,0.9,0.9,0.7,0.8,0.8,1.1,0.9,0.6,0.9,0.9,0.6,0.7,2.1,1.5,2.1,1.5,1.8,1.7,2.1,1.7,1.9,1.3,1.4,1.3,1.1,1.5,1.3,1.1,1.1,1.4,0.9,0.7,6,4.7,8.1,7.7,5,5.7,5.5,6.5,4,6.8,3.9,4.2,5.2,4.7,3.8,2.8,3.5,3.2,2.8,1.5,9.2,4.1,5.8,7.9,5.1,6.4,6.6,5.6,7.8,6.8,5.2,6.6,4.1,5.6,4,5,5.5,5.5,3.4,3.8,1.5,1.2,1.3,1.4,1.4,1.3,1.7,1,1.3,1.2,1,0.9,0.7,1,1,0.7,1.2,0.8,0.5,0.4,23.8,15.5,18.6,18.3,21.4,21.2,19.1,21,22,20.7,16.3,26.3,19,18.6,14.3,13.5,14.9,14,12.6,10.8,25.7,25.6,27,25,26.5,31.3,31.3,33.2,29,34.2,29.6,35.2,32.7,33.1,27.8,24.3,24.8,22.3,24,24.4,44.4,41.2,42.4,41.6,40.9,46.1,43.4,48.1,43.2,48.7,47.3,46.2,45.3,44.8,40.3,36.8,35.6,35.5,36.5,39
Puglia,90.4,92.2,88.9,89,88.1,86.9,90.3,90.2,88.3,92,91.3,88.2,88.5,88.8,89.2,88.5,87.3,89.5,87.7,82.8,80.3,81.2,78.3,78.2,81.1,77.1,80.6,80.6,78.9,81.6,80.1,79.6,79.8,80.3,77.9,79.3,79.2,82.8,78.5,68.2,60.5,63.9,60.2,62.1,60.3,57.9,55.7,57,58.1,55.1,53.4,52.8,52.6,51,49.8,46.7,50.5,49.1,45.3,28.8,19.5,16.1,14.3,15.5,18.2,14,15.1,14.2,17.4,20.6,21.6,20.1,57,54.9,52.6,58.3,53.9,55.7,56.4,56,60,63.4,63,61.3,75.4,76.9,73.4,79.7,71.3,75,78.1,74.7,77.4,79.9,80.3,77.4,6.7,5.7,9.6,6.2,8,6.4,7.7,6.4,8,12,10.6,11.3,1.7,1.5,2.3,1.6,2,1.9,1.2,1.1,1.7,1.3,1.4,1.5,1.3,1.6,2,1.7,1.1,1.9,1.7,0.9,6.9,6.4,7.9,6.4,7.3,6.7,6.1,6.4,6.2,6.6,6.5,6.2,5.7,8.3,6.6,7.1,6.9,7.7,6.6,3.3,5.6,5.7,6.2,6.2,5.1,6.2,6.1,5.8,5.9,6.3,5,6.9,6.5,7.8,6.9,6.3,6.8,8.7,6,5.1,9.7,9,11.3,10.3,11.1,9.8,9.9,9.5,9.8,8.3,8.7,7.7,6.7,9.7,10.8,7.8,8.4,8.4,9.4,7.8,2.3,2,2.3,2.1,2.1,1.9,2.3,1.4,1.4,2,1.9,2.1,2,2.1,2.5,2.5,2.4,2.5,2.3,1.6,1.6,1.6,1.2,0.9,1.3,1.4,1.3,0.7,1,1.2,0.8,0.9,0.8,1,0.9,0.6,0.9,1.1,1,1.4,2.2,2.2,2.3,2.1,2,1.7,2.4,1.4,1.2,1.7,1.3,1.5,1.5,1.3,1.6,1,0.9,0.5,1,1.1,4.1,8.6,8.2,5.2,5.5,5.6,4.1,6.1,3.9,5.4,4.8,5.7,3.9,4.2,4.9,4.5,3.1,3.9,4.4,0.8,8.1,11,7.7,12,9.4,9.7,9,8.5,9.1,9.2,7.3,11.6,6.3,6.9,7.3,7.5,8.4,7.1,5.1,4.6,1.7,1.6,1.3,1.9,1.7,1.3,1.7,1,1.2,1.5,1.1,1.3,1.1,1.1,1.2,0.8,0.9,0.9,1,1,20,21.8,19.1,23.4,22.6,21,22.2,21,20.7,18.2,16.4,27,18.8,19.1,17.9,14.4,18.8,15.3,14.5,12.9,23.4,29.2,26.3,23.3,28.8,28.9,31.5,26.4,23.6,29.1,28,37.6,29.5,29.3,26.8,24.8,28.4,24.3,25.3,24.7,38.2,45,41.1,40.5,43.8,48.4,44.2,44.1,44.3,48.1,43,50,47.2,48.2,46,40.9,43.3,41.3,42.9,41.2
Basilicata,88.1,88.8,90.2,89.7,90.1,91,90,89.8,90.8,91.1,89.5,89.8,87.2,89.6,90.4,88.8,89.7,90.7,90.7,84.5,84.8,84,82.6,85.3,84.1,83.5,84.3,87.4,83.5,85.5,86.5,83.9,83.2,83.3,84.7,81.8,83.1,84.3,80.7,71.5,73.9,66.7,68,71.9,65.7,62.4,61,69.2,62.6,61.1,61.8,58.9,59,55.3,57.2,53,52.2,49.4,51.3,36.7,15.9,14.7,13.8,18.2,22.8,17.9,23.3,19.1,14.5,19.4,20,23.8,64.3,64.1,61.3,62.4,66.1,61,65.1,70.4,70.1,71.6,75.3,74.9,77.4,78.9,71,78.5,76.6,77.1,78.8,79.7,79.7,86.3,89.6,83.1,8,7.7,9.8,11.4,10.6,10.1,10.3,8.4,12.3,13.6,16.2,16.9,1.4,1.4,2.8,1.9,2.7,1.6,2.2,1.6,2.5,1.8,1.6,1.8,1.2,1.2,1.7,2.3,2.1,1.3,1.3,0.3,8.2,5.4,6.7,8.1,8.9,9.2,9.2,9.4,9.4,8.6,6.6,8,8.3,9.6,9,10.3,10,9.6,8.3,4.6,6.9,7.1,6.4,7.3,9.2,7.8,8.9,8.1,9.6,8.1,7.3,9.5,8.6,8,7.9,9.1,10.4,9.7,9.1,5.2,14.1,12.5,13.3,13.7,15.9,15.2,13.2,14.5,14.7,13.4,11.4,10.6,11.6,11.7,11.8,13.3,13.9,12.3,12.9,7.5,2.4,1.7,3.4,3.2,3.8,3.9,3.4,2.6,3.8,2.5,2.6,3.7,2.6,2.8,3.9,4.1,4.1,2.8,3.2,1.6,1.5,1.3,2,1.7,2,1.7,1,1.6,1.7,1.3,1.6,1.2,1.2,1.1,1.5,1.8,1.6,0.8,1,0.8,3.1,2.7,3.7,2.1,3.8,3.3,4.1,2.5,3.2,3.4,2.9,2.5,2.8,2.8,2.5,3.1,2.5,2.1,1.7,0.4,11,6.2,6.7,10.2,8.4,8.1,10.3,9.5,8.6,9,6.6,6,9,4.9,10.6,8.7,6.8,6.3,5.3,0.9,12,9.5,6.8,20.7,12.4,13.7,13.9,11.9,16.3,15.5,10.8,14.1,12.5,7.5,11,9.3,13.7,13.2,6.7,4.7,2,2,1.5,2.6,2.2,2,2.8,1.8,3.1,1.9,1.4,1.6,1.3,1.5,1.2,1.3,1.6,1,1.2,0.6,21.2,19.8,20.3,26.3,23.5,27.1,28.5,26,25.2,23.3,19.9,28.5,25.2,17.5,21.6,20.3,23.3,19.8,14.5,9.7,22.5,20.8,22.7,23.1,27.6,29.9,31.5,27.1,22.5,28.5,25.4,38.4,29.6,26.6,26.3,23.8,30.8,23.5,23.7,25.9,40.3,41.9,41.4,38.4,44.7,48.1,47.4,45.6,38.7,50.5,44.3,53.6,45.7,40.6,43.7,41.8,46.4,38.7,42,40.6
Calabria,89.1,92.2,91.7,88,88.9,89.3,91.5,91.1,92.1,92.7,90.8,91.3,90,91.6,89.9,91.8,89.1,88.6,88.1,87.6,78.1,83.1,82.4,82.7,80.7,81.9,84.9,84.5,85.4,85.3,83.7,83.7,82.3,84.7,82.4,82.2,83,81.7,81.9,77.5,58,61.7,65.2,62.5,56.4,61.1,60.2,59.7,55,57.5,59,57.8,56.4,56.1,48.2,48.2,53.5,50.6,45.1,35.5,15.5,18.7,20.4,19,17.8,17.1,15.5,12.7,16.2,18.4,23.4,23.7,60.9,65.9,63.5,64.1,67.3,59.1,65.3,65.3,65.7,66.8,70.8,75.2,74.5,81.6,76.2,76.5,80.1,72.5,82,79.3,86,82.5,84.3,85.7,5.2,6.8,9.7,10,9.5,9.8,10.9,8.3,10.1,14.3,20.1,16.9,1,1.7,1.5,2,1.4,1.3,1,1.6,1.6,1.2,1.4,0.7,1.9,1.4,1.4,1.1,1.3,0.9,1.3,1,5.3,6.4,5.7,6.7,6.3,6.7,6,7.3,8,6.2,6.9,4.8,6.2,7.5,6.6,5.7,6.1,6.9,4.9,4.6,4.5,6,4.1,5.6,5.2,5.4,5.6,6.2,7.4,6.2,6.1,5,7.5,7.6,6.9,6,7.9,7.9,5.3,5,9.5,9.9,8,11.5,9.6,9.1,9.5,10.1,12.3,9.1,8.2,6,7.8,7.7,8,6.6,8,7.5,6.3,6.3,2.1,2.2,1.5,2.7,1.7,2.1,2.5,2.8,2.5,1.7,2.1,1.7,2.4,3.2,2.3,2.3,2.6,2.5,1.7,1.8,1.7,1.3,1.3,1.4,1.3,0.9,1.3,1.2,1.6,1.1,0.8,0.9,0.8,1.2,0.9,0.7,1.2,1.1,0.5,0.5,2.1,2.2,2,3.4,2.9,3,2.1,2.7,1.9,1.3,1.8,1.8,2,1.9,1.4,1.3,1,1.3,1.2,0.8,8.2,7.2,7.9,9.2,6.5,5.5,6.9,7,7,8.8,6.4,7.4,5.7,7.6,6.4,3.9,3.9,5.3,2.3,1.9,12.9,11.2,8.4,18.7,10.4,13,8.8,8.9,14.4,8.6,9,15.7,7.2,12.6,6.5,9.6,10.1,7.2,5.8,3.6,1.5,2,1.4,2.6,1.7,1.9,1.1,1.5,1.7,1.2,1.2,1.8,1.1,1.5,1.1,0.7,0.8,1.2,0.8,0.7,19.3,21.5,20.3,27.5,21.1,24.1,22.3,20.4,23.2,23.7,20.6,31.1,19.9,21.8,17.1,16.7,21,17.5,12,10.6,20.4,23.3,21.7,23.9,22.3,28,31.9,23,26.7,29.8,28.6,34.2,30.8,32.3,24.8,23.2,27.5,22.9,19.8,21.5,38.4,39.1,41.2,42.2,36.8,46.8,46.8,43.6,45.8,46.4,43.6,46.9,47.7,50.4,42.1,41.7,39.9,40.5,33.2,35.9
Sicilia,91.4,91.5,91.2,92.9,90.5,91.9,88.8,90.8,90.7,89.1,90.7,89.4,91,92,90.1,88.3,90.5,92.1,89.4,86.8,82.3,82.7,79.9,83,78.1,80.2,80.3,80.8,82.7,79.5,84.6,78.8,81.3,80.8,81.3,75.8,81.3,81.9,79.1,70.8,58.2,57,60.3,57.3,57.1,54.4,53.6,54.5,53.9,52.9,53.7,52.9,47.2,48.2,47.6,42.6,44.8,42.8,40.3,29.4,15.8,14.7,12.3,15.3,17.4,12.7,12.5,11.8,13.3,16.1,13.7,16.1,58.4,54.9,61.5,58.4,63.7,58,61,58.4,58.9,63,66.8,66,74.5,76.9,79.8,78.8,80.5,78.1,79.7,78.9,79.7,82.2,83,84.8,5.7,6.5,5.4,6,7.7,7.6,5.5,6.4,8,8.9,9.2,11.6,0.7,1.5,1.4,1.2,1.6,1.2,1,1.4,0.7,1.3,1.3,1.2,0.5,1.3,1.3,1.1,1.1,0.9,1.6,1.2,4.7,5.9,6.4,5.4,7.1,6.9,5.8,7.1,6.1,7,6.2,5.8,7.1,7.1,6.8,5.5,5.9,6.4,5.9,3.2,4.8,5.6,3.8,5.4,4.9,4.8,4.8,6.3,6,5.7,6.1,5.5,5.6,7.7,6.4,6.8,5.3,5.4,5.6,4.1,8,6.3,7.9,6.7,7.8,6.5,5.7,6.8,6.5,7.8,5.8,4.6,5.9,6.6,5.3,6.2,5.5,6.1,6.1,4.7,1.1,1.8,1.4,1.4,1.9,2,1.7,2.1,1.4,1.6,2,1.7,1.8,2,2.1,1.9,1.8,1.2,1.9,1.4,1.6,1.3,0.9,1.2,1.6,1,1.3,0.9,1,1.1,0.9,0.7,0.9,1.2,1.3,0.7,0.9,0.6,0.9,1,1.7,1,1.1,1.5,2.2,0.9,1.4,1.3,1,0.8,1.2,1.2,1,0.7,0.9,0.5,0.9,0.6,0.8,0.7,5.3,5.1,6.4,6.4,5.2,3.4,4.9,5.6,4.3,6.2,6.6,5.3,5.2,4.3,6.2,3.8,3.6,3.1,3.5,1.2,10.6,6.9,10.8,8.7,8.1,7.9,7.7,10.3,4.7,4.6,5.7,12.3,9.9,4.3,6.1,3.3,9.4,7,5.4,2.1,1.6,1,1.1,1.3,1.4,0.9,1.3,1.6,0.7,0.8,1.1,1.1,0.8,0.5,0.7,0.5,0.6,1,0.5,0.6,19.1,16.8,17.3,15.4,18.7,20,18.7,20.6,16.7,18.3,17.7,25.7,18.4,16.6,14.9,11.4,18.9,13.5,14.3,9,22.5,24.6,22.6,22.8,26,28.8,29.5,28.6,26.2,29.5,31.3,34.5,31.4,31.9,27.7,22.6,26.2,23,23.5,21.4,40.6,42.3,39.8,42.8,44.4,46.5,44.8,44.2,43.9,46.8,48.3,48.3,45.2,49.4,43.1,38.9,39.1,40.2,39,36.7
Sardegna,88.9,91.6,90.3,89,89.7,89.6,90.4,89,88.9,91.9,90.1,92.5,87.4,90.9,87.9,90.2,87.8,88.6,88.7,85.8,84.2,83.3,82.4,81.5,81.3,78.5,83.4,80,82.9,86.8,84.2,84.9,81.1,84.4,82.2,82.5,82.6,82,80.4,75.8,59.1,59.7,58.7,57.9,57.2,54.9,53.7,51.9,54.2,56,51.1,49.4,48.8,52.3,47.3,43.9,47.8,42.5,42.1,31.8,20.2,25.4,20.1,23.5,21.8,19.9,18,19.4,17,20.1,23,24.7,73.8,73.9,74.7,73.1,71.9,72.4,75.3,72.1,72.3,74.2,78.7,78.9,81.6,83.7,81.7,83.6,81,83,83.3,84.5,82.4,83.8,87.4,87.7,10.5,10.4,12.8,10.8,12.8,12,13.6,15.2,12.5,13.9,17.2,17.7,2,1.4,2.8,2,1.7,2.2,1.5,2.3,2.5,1.6,1.7,2,2.7,1.8,1.5,1.6,1.1,2,1.7,1,10.3,6.9,8.4,9.1,10,9.4,9.6,10.7,10.5,9.9,9.1,8.8,10.5,10.2,9.9,10.3,9.4,9.1,8.8,4.3,9.1,7.6,7.3,7.8,7.6,9.1,9.3,7.3,9.9,9.4,9.1,8.6,11,11.2,10.5,10,11.1,7.3,7.6,7.1,20.9,15.5,16.3,18.6,18.4,19.1,18.4,21.9,20.2,17.7,17.3,14.4,17.5,17.9,16,16.6,15.9,13.9,14.1,11.3,4.4,2.9,2.9,3.5,3.7,4.8,4,3.2,3.5,3.9,3.5,3.1,4,4.5,3.6,4.4,4,3.9,3.1,2.3,2.4,1.7,1.6,1.8,2.1,2.1,2.1,1.9,2.3,1.2,1.4,0.8,1.2,1.2,0.9,1.6,1.1,1.6,0.4,0.7,2.6,2.1,2.4,2.7,2.9,2.8,2.5,3.1,2.9,2.5,1.9,2.5,2,1.5,0.8,1.8,1.4,1.3,1.1,0.7,5.5,7,7.2,4.9,5,4.6,4.9,6.7,6.6,8.7,5.5,4.5,6.2,4.9,4.6,4.8,3.5,4.6,4.5,1.6,6,5.8,4.8,5.5,7,7.1,5.6,13.1,8.5,7.8,4.1,6.9,8.4,3.9,4.2,5.7,3.4,4.9,3.1,1.3,2.2,1.7,1.3,2.1,2.1,2.6,1.9,2.4,2.3,1.9,1.2,0.9,1.2,0.8,0.7,1.2,0.9,1,0.6,0.3,27.2,21,22.8,21.2,26.8,27.3,25.7,35.8,30.1,30,28.6,25.9,29.4,22.6,21.9,18.3,22,17.9,13.9,12.9,31,29.9,28.9,28.5,33,36.9,42.4,37.4,36.4,45.2,39.9,47.1,43.4,37.7,33.6,32.7,32.2,29.7,30.1,34.7,55.9,53.2,51.4,50.2,55,59.2,63.2,58.3,60.4,65.5,62.7,65.9,65.1,60.1,58.7,54.3,54.1,51.1,50.3,57
